expressvpn,https://www.expressvpn.com/
nordvpn,https://nordvpn.com/
surfshark,https://surfshark.com/
proton vpn,https://protonvpn.com/
private internet access,https://www.privateinternetaccess.com/
cyberghost,https://www.cyberghostvpn.com/
mullvad,https://mullvad.net/
ipvanish,https://www.ipvanish.com/
windscribe,https://windscribe.com/
atlas vpn,https://atlasvpn.com/
pia vpn,https://www.privateinternetaccess.com/
hide.me,https://hide.me/
tunnelbear,https://www.tunnelbear.com/
hotspot shield,https://www.hotspotshield.com/
avast secureline,https://www.avast.com/secureline-vpn
norton secure vpn,https://us.norton.com/products/norton-secure-vpn
kaspersky vpn,https://www.kaspersky.com/vpn-secure-connection
bitdefender vpn,https://www.bitdefender.com/solutions/vpn.html
purevpn,https://www.purevpn.com/
vyprvpn,https://www.vyprvpn.com/
astrill vpn,https://www.astrill.com/
strongvpn,https://strongvpn.com/
tor guard,https://torguard.net/
airvpn,https://airvpn.org/
perfect privacy,https://www.perfect-privacy.com/
ivpn,https://www.ivpn.net/
mullvad vpn,https://mullvad.net/
azirevpn,https://www.azirevpn.com/
ovpn,https://www.ovpn.com/
privadovpn,https://privadovpn.com/
vpn.ac,https://vpn.ac/
vpnmentor recommended,https://www.vpnmentor.com/ (lista, mas não serviço)
fastestvpn,https://www.fastestvpn.com/
iron socket,https://www.ironsocket.com/
bulletvpn,https://www.bulletvpn.com/
vpn unlimited,https://www.vpnunlimited.com/
hide my ass,https://www.hidemyass.com/
zenmate,https://zenmate.com/
betternet,https://www.betternet.co/
opera vpn,https://www.opera.com/features/vpn (integrado)
urban vpn,https://www.urban-vpn.com/
browsec,https://browsec.com/
touch vpn,https://www.touchvpn.net/
secure vpn,https://securevpn.com/ (variações)
vpn proxy master,https://www.vpnproxymaster.com/
super vpn,https://supervpn.net/
free vpn planet,https://freevpnplanet.com/
alo vpn,https://alovpn.com/
thunder vpn,https://thundervpn.com/
vpn master,https://www.vpnmaster.com/
shark vpn,https://sharkvpn.com/ (variações)
ghost vpn,https://ghostvpn.app/
atlas free vpn,https://atlasvpn.com/ (free tier)
proton vpn free,https://protonvpn.com/free
windscribe free,https://windscribe.com/
tunnelbear free,https://www.tunnelbear.com/
hide.me free,https://hide.me/en/free-vpn
privado vpn free,https://privadovpn.com/free
hotspot shield free,https://www.hotspotshield.com/free-vpn/
eventvpn,https://www.expressvpn.com/eventvpn (ad-supported free)
riseup vpn,https://riseup.net/en/vpn
calyx vpn,https://calyxinstitute.org/projects/calyx-vpn
psiphon,https://psiphon.ca/
lantern,https://getlantern.org/
outline vpn,https://getoutline.org/
shadowsocks,https://shadowsocks.org/
v2ray,https://www.v2ray.com/
wireguard,https://www.wireguard.com/ (protocolo, mas clients)
openvpn,https://openvpn.net/
softether vpn,https://www.softether.org/
pritunl,https://pritunl.com/
tailscale,https://tailscale.com/ (mesh VPN)
zerotier,https://www.zerotier.com/ (virtual network)
nebula,https://github.com/slackhq/nebula
headscale,https://github.com/juanfont/headscale (tailscale self-hosted)
netmaker,https://www.netmaker.io/
innernet,https://github.com/tonarino/innernet
tinc vpn,https://www.tinc-vpn.org/
strongswan,https://strongswan.org/
libreswan,https://libreswan.org/
openswan,https://www.openswan.org/ (legacy)
freelan,https://www.freelan.org/
hamachi,https://www.vpn.net/ (logmein hamachi)
ngrok,https://ngrok.com/ (tunneling, VPN-like)
pagekite,https://pagekite.net/
bore,https://github.com/ekzhang/bore
cloudflare warp,https://1.1.1.1/
adguard vpn,https://adguard-vpn.com/
nextdns,https://nextdns.io/ (DNS + some VPN features)
control d,https://controld.com/
rethinkdns,https://rethinkdns.com/
dnscrypt-proxy,https://www.dnscrypt.info/ (with VPN)
qubes vpn,https://www.qubes-os.org/ (integrated)
whonix,https://www.whonix.org/ (Tor + VPN)
mullvad browser + vpn,https://mullvad.net/
brave vpn,https://brave.com/firewall-vpn/
opera one vpn,https://www.opera.com/one
aloha browser vpn,https://alohabrowser.com/
torguard streams,https://torguard.net/
surfshark nexus,https://surfshark.com/
nordvpn meshnet,https://nordvpn.com/features/meshnet/
expressvpn lightway,https://www.expressvpn.com/lightway
proton vpn stealth,https://protonvpn.com/stealth
ivpn multihop,https://www.ivpn.net/